CREATE TABLE USER (
                      `user_id` BIGINT NOT NULL AUTO_INCREMENT PRIMARY key  COMMENT 'ID',
                      `username` VARCHAR ( 255 ) DEFAULT NULL COMMENT '用户名',
                      `nick_name` VARCHAR ( 255 ) DEFAULT NULL COMMENT '昵称',
                      `gender` VARCHAR ( 2 ) DEFAULT NULL COMMENT '性别',
                      `phone` VARCHAR ( 255 ) DEFAULT NULL COMMENT '手机号码',
                      `email` VARCHAR ( 255 ) DEFAULT NULL COMMENT '邮箱',
                      `avatar_name` VARCHAR ( 255 ) DEFAULT NULL COMMENT '头像地址',
                      `password` VARCHAR ( 255 ) DEFAULT NULL COMMENT '密码',
                      `is_admin` bit ( 1 ) DEFAULT b'0' COMMENT '是否为admin账号',
                      `enabled` BIGINT DEFAULT NULL COMMENT '状态：1启用、0禁用',
                      `create_by` VARCHAR ( 255 ) DEFAULT NULL COMMENT '创建者',
                      `update_by` VARCHAR ( 255 ) DEFAULT NULL COMMENT '更新者',
                      `pwd_reset_time` datetime DEFAULT NULL COMMENT '修改密码的时间',
                      `create_time` datetime DEFAULT NULL COMMENT '创建日期',
                      `update_time` datetime DEFAULT NULL COMMENT '更新时间'
)COMMENT='用户表';

CREATE TABLE `sys_role` (
                            `role_id` bigint NOT NULL AUTO_INCREMENT PRIMARY KEY COMMENT 'ID',
                            `name` varchar(255) NOT NULL COMMENT '名称',
                            `description` varchar(255) DEFAULT NULL COMMENT '描述',
                            `create_by` varchar(255) DEFAULT NULL COMMENT '创建者',
                            `update_by` varchar(255) DEFAULT NULL COMMENT '更新者',
                            `create_time` datetime DEFAULT NULL COMMENT '创建日期',
                            `update_time` datetime DEFAULT NULL COMMENT '更新时间'
)  COMMENT='角色表';

CREATE TABLE `sys_users_roles` (
                                   `user_id` bigint NOT NULL COMMENT '用户ID',
                                   `role_id` bigint NOT NULL COMMENT '角色ID'
)  COMMENT='用户角色关联';



CREATE TABLE `sys_menu` (
                            `menu_id` bigint NOT NULL AUTO_INCREMENT PRIMARY key COMMENT 'ID',
                            `pid` bigint DEFAULT NULL COMMENT '上级菜单ID',
                            `sub_count` int DEFAULT '0' COMMENT '子菜单数目',
                            `type` int DEFAULT NULL COMMENT '菜单类型',
                            `title` varchar(255) DEFAULT NULL COMMENT '菜单标题',
                            `name` varchar(255) DEFAULT NULL COMMENT '组件名称',
                            `component` varchar(255) DEFAULT NULL COMMENT '组件',
                            `menu_sort` int DEFAULT NULL COMMENT '排序',
                            `icon` varchar(255) DEFAULT NULL COMMENT '图标',
                            `path` varchar(255) DEFAULT NULL COMMENT '链接地址',
                            `i_frame` bit(1) DEFAULT NULL COMMENT '是否外链',
                            `cache` bit(1) DEFAULT b'0' COMMENT '缓存',
                            `hidden` bit(1) DEFAULT b'0' COMMENT '隐藏',
                            `permission` varchar(255) DEFAULT NULL COMMENT '权限',
                            `create_by` varchar(255) DEFAULT NULL COMMENT '创建者',
                            `update_by` varchar(255) DEFAULT NULL COMMENT '更新者',
                            `create_time` datetime DEFAULT NULL COMMENT '创建日期',
                            `update_time` datetime DEFAULT NULL COMMENT '更新时间'
)  COMMENT='系统菜单';




CREATE TABLE `sys_roles_menus` (
                                   `menu_id` bigint NOT NULL COMMENT '菜单ID',
                                   `role_id` bigint NOT NULL COMMENT '角色ID'
) COMMENT='角色菜单关联';



INSERT INTO sys_user (`user_id`, `username`, `nick_name`, `gender`, `phone`, `email`, `avatar_name`,  `password`, `is_admin`, `enabled`, `create_by`, `update_by`, `pwd_reset_time`, `create_time`, `update_time`) VALUES (1,  'admin', '管理员', '男', '18888888888', '201507802@qq.com', 'avatar-20200806032259161.png',  '$2a$10$Egp1/gvFlt7zhlXVfEFw4OfWQCGPw0ClmMcc6FjTnvXNRVf9zdMRa', b'1', 1, NULL, 'admin', '2020-05-03 16:38:31', '2018-08-23 09:11:56', '2020-09-05 10:43:31');

INSERT INTO sys_user (`user_id`, `username`, `nick_name`, `gender`, `phone`, `email`, `avatar_name`, `password`, `is_admin`, `enabled`, `create_by`, `update_by`, `pwd_reset_time`, `create_time`, `update_time`) VALUES (2, 'test', '测试', '男', '19999999999', '231@qq.com', NULL, '$2a$10$4XcyudOYTSz6fue6KFNMHeUQnCX5jbBQypLEnGk1PmekXt5c95JcK', b'0', 1, 'admin', 'admin', NULL, '2020-05-05 11:15:49', '2021-08-25 10:15:12');

INSERT INTO sys_user (`user_id`, `username`, `nick_name`, `gender`, `phone`, `email`, `avatar_name`, `password`, `is_admin`, `enabled`, `create_by`, `update_by`, `pwd_reset_time`, `create_time`, `update_time`) VALUES (3, 'kehu', 'sdaf', '男', '17611111111', '222222241@qq.com', NULL, '$2a$10$7taJNLC8ixoT9OZ8B6d0j.bA1f5wVF7JCCCrFErtHaxgFAq4zJkbm', b'0', 1, 'admin', 'admin', NULL, '2021-08-26 13:54:48', '2021-08-26 13:58:16');


INSERT INTO sys_role (`role_id`, `name`, `description`,`create_by`, `update_by`, `create_time`, `update_time`) VALUES (1, '超级管理员','-',  NULL, 'admin', '2018-11-23 11:04:37', '2021-08-25 10:15:44');
INSERT INTO sys_role (`role_id`, `name`,  `description`,  `create_by`, `update_by`, `create_time`, `update_time`) VALUES (2, '普通用户', '-', NULL, 'admin', '2018-11-23 13:09:06', '2021-08-25 10:17:35');
INSERT INTO sys_role (`role_id`, `name`,`description`,  `create_by`, `update_by`, `create_time`, `update_time`) VALUES (3, '客户', NULL, 'admin', 'admin', '2021-08-26 13:53:52', '2021-08-26 13:54:03');



INSERT INTO sys_users_roles (`user_id`, `role_id`) VALUES (1, 1);
INSERT INTO sys_users_roles (`user_id`, `role_id`) VALUES (3, 1);
INSERT INTO sys_users_roles(`user_id`, `role_id`) VALUES (2, 2);
INSERT INTO sys_users_roles (`user_id`, `role_id`) VALUES (3, 2);
INSERT INTO sys_users_roles(`user_id`, `role_id`) VALUES (3, 3);




INSERT INTO `sys_menu` (`menu_id`, `pid`, `sub_count`, `type`, `title`, `name`, `component`, `menu_sort`, `icon`, `path`, `i_frame`, `cache`, `hidden`, `permission`, `create_by`, `update_by`, `create_time`, `update_time`) VALUES (1, NULL, 7, 0, '系统管理', NULL, NULL, 1, 'system', 'system', b'0', b'0', b'0', NULL, NULL, NULL, '2018-12-18 15:11:29', NULL);
INSERT INTO `sys_menu` (`menu_id`, `pid`, `sub_count`, `type`, `title`, `name`, `component`, `menu_sort`, `icon`, `path`, `i_frame`, `cache`, `hidden`, `permission`, `create_by`, `update_by`, `create_time`, `update_time`) VALUES (2, 1, 3, 1, '用户管理', 'User', 'system/user/index', 2, 'peoples', 'user', b'0', b'0', b'0', 'user:list', NULL, NULL, '2018-12-18 15:14:44', NULL);
INSERT INTO `sys_menu` (`menu_id`, `pid`, `sub_count`, `type`, `title`, `name`, `component`, `menu_sort`, `icon`, `path`, `i_frame`, `cache`, `hidden`, `permission`, `create_by`, `update_by`, `create_time`, `update_time`) VALUES (3, 1, 3, 1, '角色管理', 'Role', 'system/role/index', 3, 'role', 'role', b'0', b'0', b'0', 'roles:list', NULL, NULL, '2018-12-18 15:16:07', NULL);
INSERT INTO `sys_menu` (`menu_id`, `pid`, `sub_count`, `type`, `title`, `name`, `component`, `menu_sort`, `icon`, `path`, `i_frame`, `cache`, `hidden`, `permission`, `create_by`, `update_by`, `create_time`, `update_time`) VALUES (5, 1, 3, 1, '菜单管理', 'Menu', 'system/menu/index', 5, 'menu', 'menu', b'0', b'0', b'0', 'menu:list', NULL, NULL, '2018-12-18 15:17:28', NULL);
INSERT INTO `sys_menu` (`menu_id`, `pid`, `sub_count`, `type`, `title`, `name`, `component`, `menu_sort`, `icon`, `path`, `i_frame`, `cache`, `hidden`, `permission`, `create_by`, `update_by`, `create_time`, `update_time`) VALUES (6, NULL, 5, 0, '系统监控', NULL, NULL, 10, 'monitor', 'monitor', b'0', b'0', b'0', NULL, NULL, NULL, '2018-12-18 15:17:48', NULL);
INSERT INTO `sys_menu` (`menu_id`, `pid`, `sub_count`, `type`, `title`, `name`, `component`, `menu_sort`, `icon`, `path`, `i_frame`, `cache`, `hidden`, `permission`, `create_by`, `update_by`, `create_time`, `update_time`) VALUES (7, 6, 0, 1, '操作日志', 'Log', 'monitor/log/index', 11, 'log', 'logs', b'0', b'1', b'0', NULL, NULL, 'admin', '2018-12-18 15:18:26', '2020-06-06 13:11:57');
INSERT INTO `sys_menu` (`menu_id`, `pid`, `sub_count`, `type`, `title`, `name`, `component`, `menu_sort`, `icon`, `path`, `i_frame`, `cache`, `hidden`, `permission`, `create_by`, `update_by`, `create_time`, `update_time`) VALUES (9, 6, 0, 1, 'SQL监控', 'Sql', 'monitor/sql/index', 18, 'sqlMonitor', 'druid', b'0', b'0', b'0', NULL, NULL, NULL, '2018-12-18 15:19:34', NULL);
INSERT INTO `sys_menu` (`menu_id`, `pid`, `sub_count`, `type`, `title`, `name`, `component`, `menu_sort`, `icon`, `path`, `i_frame`, `cache`, `hidden`, `permission`, `create_by`, `update_by`, `create_time`, `update_time`) VALUES (10, NULL, 5, 0, '组件管理', NULL, NULL, 50, 'zujian', 'components', b'0', b'0', b'0', NULL, NULL, NULL, '2018-12-19 13:38:16', NULL);
INSERT INTO `sys_menu` (`menu_id`, `pid`, `sub_count`, `type`, `title`, `name`, `component`, `menu_sort`, `icon`, `path`, `i_frame`, `cache`, `hidden`, `permission`, `create_by`, `update_by`, `create_time`, `update_time`) VALUES (11, 10, 0, 1, '图标库', 'Icons', 'components/icons/index', 51, 'icon', 'icon', b'0', b'0', b'0', NULL, NULL, NULL, '2018-12-19 13:38:49', NULL);
INSERT INTO `sys_menu` (`menu_id`, `pid`, `sub_count`, `type`, `title`, `name`, `component`, `menu_sort`, `icon`, `path`, `i_frame`, `cache`, `hidden`, `permission`, `create_by`, `update_by`, `create_time`, `update_time`) VALUES (14, 36, 0, 1, '邮件工具', 'Email', 'tools/email/index', 35, 'email', 'email', b'0', b'0', b'0', NULL, NULL, NULL, '2018-12-27 10:13:09', NULL);
INSERT INTO `sys_menu` (`menu_id`, `pid`, `sub_count`, `type`, `title`, `name`, `component`, `menu_sort`, `icon`, `path`, `i_frame`, `cache`, `hidden`, `permission`, `create_by`, `update_by`, `create_time`, `update_time`) VALUES (15, 10, 0, 1, '富文本', 'Editor', 'components/Editor', 52, 'fwb', 'tinymce', b'0', b'0', b'0', NULL, NULL, NULL, '2018-12-27 11:58:25', NULL);
INSERT INTO `sys_menu` (`menu_id`, `pid`, `sub_count`, `type`, `title`, `name`, `component`, `menu_sort`, `icon`, `path`, `i_frame`, `cache`, `hidden`, `permission`, `create_by`, `update_by`, `create_time`, `update_time`) VALUES (18, 36, 3, 1, '存储管理', 'Storage', 'tools/storage/index', 34, 'qiniu', 'storage', b'0', b'0', b'0', 'storage:list', NULL, NULL, '2018-12-31 11:12:15', NULL);
INSERT INTO `sys_menu` (`menu_id`, `pid`, `sub_count`, `type`, `title`, `name`, `component`, `menu_sort`, `icon`, `path`, `i_frame`, `cache`, `hidden`, `permission`, `create_by`, `update_by`, `create_time`, `update_time`) VALUES (19, 36, 0, 1, '支付宝工具', 'AliPay', 'tools/aliPay/index', 37, 'alipay', 'aliPay', b'0', b'0', b'0', NULL, NULL, NULL, '2018-12-31 14:52:38', NULL);
INSERT INTO `sys_menu` (`menu_id`, `pid`, `sub_count`, `type`, `title`, `name`, `component`, `menu_sort`, `icon`, `path`, `i_frame`, `cache`, `hidden`, `permission`, `create_by`, `update_by`, `create_time`, `update_time`) VALUES (21, NULL, 2, 0, '多级菜单', NULL, '', 900, 'menu', 'nested', b'0', b'0', b'0', NULL, NULL, 'admin', '2019-01-04 16:22:03', '2020-06-21 17:27:35');
INSERT INTO `sys_menu` (`menu_id`, `pid`, `sub_count`, `type`, `title`, `name`, `component`, `menu_sort`, `icon`, `path`, `i_frame`, `cache`, `hidden`, `permission`, `create_by`, `update_by`, `create_time`, `update_time`) VALUES (22, 21, 2, 0, '二级菜单1', NULL, '', 999, 'menu', 'menu1', b'0', b'0', b'0', NULL, NULL, 'admin', '2019-01-04 16:23:29', '2020-06-21 17:27:20');
INSERT INTO `sys_menu` (`menu_id`, `pid`, `sub_count`, `type`, `title`, `name`, `component`, `menu_sort`, `icon`, `path`, `i_frame`, `cache`, `hidden`, `permission`, `create_by`, `update_by`, `create_time`, `update_time`) VALUES (23, 21, 0, 1, '二级菜单2', NULL, 'nested/menu2/index', 999, 'menu', 'menu2', b'0', b'0', b'0', NULL, NULL, NULL, '2019-01-04 16:23:57', NULL);
INSERT INTO `sys_menu` (`menu_id`, `pid`, `sub_count`, `type`, `title`, `name`, `component`, `menu_sort`, `icon`, `path`, `i_frame`, `cache`, `hidden`, `permission`, `create_by`, `update_by`, `create_time`, `update_time`) VALUES (24, 22, 0, 1, '三级菜单1', 'Test', 'nested/menu1/menu1-1', 999, 'menu', 'menu1-1', b'0', b'0', b'0', NULL, NULL, NULL, '2019-01-04 16:24:48', NULL);
INSERT INTO `sys_menu` (`menu_id`, `pid`, `sub_count`, `type`, `title`, `name`, `component`, `menu_sort`, `icon`, `path`, `i_frame`, `cache`, `hidden`, `permission`, `create_by`, `update_by`, `create_time`, `update_time`) VALUES (27, 22, 0, 1, '三级菜单2', NULL, 'nested/menu1/menu1-2', 999, 'menu', 'menu1-2', b'0', b'0', b'0', NULL, NULL, NULL, '2019-01-07 17:27:32', NULL);
INSERT INTO `sys_menu` (`menu_id`, `pid`, `sub_count`, `type`, `title`, `name`, `component`, `menu_sort`, `icon`, `path`, `i_frame`, `cache`, `hidden`, `permission`, `create_by`, `update_by`, `create_time`, `update_time`) VALUES (28, 1, 3, 1, '任务调度', 'Timing', 'system/timing/index', 999, 'timing', 'timing', b'0', b'0', b'0', 'timing:list', NULL, NULL, '2019-01-07 20:34:40', NULL);
INSERT INTO `sys_menu` (`menu_id`, `pid`, `sub_count`, `type`, `title`, `name`, `component`, `menu_sort`, `icon`, `path`, `i_frame`, `cache`, `hidden`, `permission`, `create_by`, `update_by`, `create_time`, `update_time`) VALUES (30, 36, 0, 1, '代码生成', 'GeneratorIndex', 'generator/index', 32, 'dev', 'generator', b'0', b'1', b'0', NULL, NULL, NULL, '2019-01-11 15:45:55', NULL);
INSERT INTO `sys_menu` (`menu_id`, `pid`, `sub_count`, `type`, `title`, `name`, `component`, `menu_sort`, `icon`, `path`, `i_frame`, `cache`, `hidden`, `permission`, `create_by`, `update_by`, `create_time`, `update_time`) VALUES (32, 6, 0, 1, '异常日志', 'ErrorLog', 'monitor/log/errorLog', 12, 'error', 'errorLog', b'0', b'0', b'0', NULL, NULL, NULL, '2019-01-13 13:49:03', NULL);
INSERT INTO `sys_menu` (`menu_id`, `pid`, `sub_count`, `type`, `title`, `name`, `component`, `menu_sort`, `icon`, `path`, `i_frame`, `cache`, `hidden`, `permission`, `create_by`, `update_by`, `create_time`, `update_time`) VALUES (33, 10, 0, 1, 'Markdown', 'Markdown', 'components/MarkDown', 53, 'markdown', 'markdown', b'0', b'0', b'0', NULL, NULL, NULL, '2019-03-08 13:46:44', NULL);
INSERT INTO `sys_menu` (`menu_id`, `pid`, `sub_count`, `type`, `title`, `name`, `component`, `menu_sort`, `icon`, `path`, `i_frame`, `cache`, `hidden`, `permission`, `create_by`, `update_by`, `create_time`, `update_time`) VALUES (34, 10, 0, 1, 'Yaml编辑器', 'YamlEdit', 'components/YamlEdit', 54, 'dev', 'yaml', b'0', b'0', b'0', NULL, NULL, NULL, '2019-03-08 15:49:40', NULL);
INSERT INTO `sys_menu` (`menu_id`, `pid`, `sub_count`, `type`, `title`, `name`, `component`, `menu_sort`, `icon`, `path`, `i_frame`, `cache`, `hidden`, `permission`, `create_by`, `update_by`, `create_time`, `update_time`) VALUES (35, 1, 3, 1, '部门管理', 'Dept', 'system/dept/index', 6, 'dept', 'dept', b'0', b'0', b'0', 'dept:list', NULL, NULL, '2019-03-25 09:46:00', NULL);
INSERT INTO `sys_menu` (`menu_id`, `pid`, `sub_count`, `type`, `title`, `name`, `component`, `menu_sort`, `icon`, `path`, `i_frame`, `cache`, `hidden`, `permission`, `create_by`, `update_by`, `create_time`, `update_time`) VALUES (36, NULL, 7, 0, '系统工具', NULL, '', 30, 'sys-tools', 'sys-tools', b'0', b'0', b'0', NULL, NULL, NULL, '2019-03-29 10:57:35', NULL);
INSERT INTO `sys_menu` (`menu_id`, `pid`, `sub_count`, `type`, `title`, `name`, `component`, `menu_sort`, `icon`, `path`, `i_frame`, `cache`, `hidden`, `permission`, `create_by`, `update_by`, `create_time`, `update_time`) VALUES (37, 1, 3, 1, '岗位管理', 'Job', 'system/job/index', 7, 'Steve-Jobs', 'job', b'0', b'0', b'0', 'job:list', NULL, NULL, '2019-03-29 13:51:18', NULL);
INSERT INTO `sys_menu` (`menu_id`, `pid`, `sub_count`, `type`, `title`, `name`, `component`, `menu_sort`, `icon`, `path`, `i_frame`, `cache`, `hidden`, `permission`, `create_by`, `update_by`, `create_time`, `update_time`) VALUES (38, 36, 0, 1, '接口文档', 'Swagger', 'tools/swagger/index', 36, 'swagger', 'swagger2', b'0', b'0', b'0', NULL, NULL, NULL, '2019-03-29 19:57:53', NULL);
INSERT INTO `sys_menu` (`menu_id`, `pid`, `sub_count`, `type`, `title`, `name`, `component`, `menu_sort`, `icon`, `path`, `i_frame`, `cache`, `hidden`, `permission`, `create_by`, `update_by`, `create_time`, `update_time`) VALUES (39, 1, 3, 1, '字典管理', 'Dict', 'system/dict/index', 8, 'dictionary', 'dict', b'0', b'0', b'0', 'dict:list', NULL, NULL, '2019-04-10 11:49:04', NULL);
INSERT INTO `sys_menu` (`menu_id`, `pid`, `sub_count`, `type`, `title`, `name`, `component`, `menu_sort`, `icon`, `path`, `i_frame`, `cache`, `hidden`, `permission`, `create_by`, `update_by`, `create_time`, `update_time`) VALUES (41, 6, 0, 1, '在线用户', 'OnlineUser', 'monitor/online/index', 10, 'Steve-Jobs', 'online', b'0', b'0', b'0', NULL, NULL, NULL, '2019-10-26 22:08:43', NULL);
INSERT INTO `sys_menu` (`menu_id`, `pid`, `sub_count`, `type`, `title`, `name`, `component`, `menu_sort`, `icon`, `path`, `i_frame`, `cache`, `hidden`, `permission`, `create_by`, `update_by`, `create_time`, `update_time`) VALUES (44, 2, 0, 2, '用户新增', NULL, '', 2, '', '', b'0', b'0', b'0', 'user:add', NULL, NULL, '2019-10-29 10:59:46', NULL);
INSERT INTO `sys_menu` (`menu_id`, `pid`, `sub_count`, `type`, `title`, `name`, `component`, `menu_sort`, `icon`, `path`, `i_frame`, `cache`, `hidden`, `permission`, `create_by`, `update_by`, `create_time`, `update_time`) VALUES (45, 2, 0, 2, '用户编辑', NULL, '', 3, '', '', b'0', b'0', b'0', 'user:edit', NULL, NULL, '2019-10-29 11:00:08', NULL);
INSERT INTO `sys_menu` (`menu_id`, `pid`, `sub_count`, `type`, `title`, `name`, `component`, `menu_sort`, `icon`, `path`, `i_frame`, `cache`, `hidden`, `permission`, `create_by`, `update_by`, `create_time`, `update_time`) VALUES (46, 2, 0, 2, '用户删除', NULL, '', 4, '', '', b'0', b'0', b'0', 'user:del', NULL, NULL, '2019-10-29 11:00:23', NULL);
INSERT INTO `sys_menu` (`menu_id`, `pid`, `sub_count`, `type`, `title`, `name`, `component`, `menu_sort`, `icon`, `path`, `i_frame`, `cache`, `hidden`, `permission`, `create_by`, `update_by`, `create_time`, `update_time`) VALUES (48, 3, 0, 2, '角色创建', NULL, '', 2, '', '', b'0', b'0', b'0', 'roles:add', NULL, NULL, '2019-10-29 12:45:34', NULL);
INSERT INTO `sys_menu` (`menu_id`, `pid`, `sub_count`, `type`, `title`, `name`, `component`, `menu_sort`, `icon`, `path`, `i_frame`, `cache`, `hidden`, `permission`, `create_by`, `update_by`, `create_time`, `update_time`) VALUES (49, 3, 0, 2, '角色修改', NULL, '', 3, '', '', b'0', b'0', b'0', 'roles:edit', NULL, NULL, '2019-10-29 12:46:16', NULL);
INSERT INTO `sys_menu` (`menu_id`, `pid`, `sub_count`, `type`, `title`, `name`, `component`, `menu_sort`, `icon`, `path`, `i_frame`, `cache`, `hidden`, `permission`, `create_by`, `update_by`, `create_time`, `update_time`) VALUES (50, 3, 0, 2, '角色删除', NULL, '', 4, '', '', b'0', b'0', b'0', 'roles:del', NULL, NULL, '2019-10-29 12:46:51', NULL);
INSERT INTO `sys_menu` (`menu_id`, `pid`, `sub_count`, `type`, `title`, `name`, `component`, `menu_sort`, `icon`, `path`, `i_frame`, `cache`, `hidden`, `permission`, `create_by`, `update_by`, `create_time`, `update_time`) VALUES (52, 5, 0, 2, '菜单新增', NULL, '', 2, '', '', b'0', b'0', b'0', 'menu:add', NULL, NULL, '2019-10-29 12:55:07', NULL);
INSERT INTO `sys_menu` (`menu_id`, `pid`, `sub_count`, `type`, `title`, `name`, `component`, `menu_sort`, `icon`, `path`, `i_frame`, `cache`, `hidden`, `permission`, `create_by`, `update_by`, `create_time`, `update_time`) VALUES (53, 5, 0, 2, '菜单编辑', NULL, '', 3, '', '', b'0', b'0', b'0', 'menu:edit', NULL, NULL, '2019-10-29 12:55:40', NULL);
INSERT INTO `sys_menu` (`menu_id`, `pid`, `sub_count`, `type`, `title`, `name`, `component`, `menu_sort`, `icon`, `path`, `i_frame`, `cache`, `hidden`, `permission`, `create_by`, `update_by`, `create_time`, `update_time`) VALUES (54, 5, 0, 2, '菜单删除', NULL, '', 4, '', '', b'0', b'0', b'0', 'menu:del', NULL, NULL, '2019-10-29 12:56:00', NULL);
INSERT INTO `sys_menu` (`menu_id`, `pid`, `sub_count`, `type`, `title`, `name`, `component`, `menu_sort`, `icon`, `path`, `i_frame`, `cache`, `hidden`, `permission`, `create_by`, `update_by`, `create_time`, `update_time`) VALUES (56, 35, 0, 2, '部门新增', NULL, '', 2, '', '', b'0', b'0', b'0', 'dept:add', NULL, NULL, '2019-10-29 12:57:09', NULL);
INSERT INTO `sys_menu` (`menu_id`, `pid`, `sub_count`, `type`, `title`, `name`, `component`, `menu_sort`, `icon`, `path`, `i_frame`, `cache`, `hidden`, `permission`, `create_by`, `update_by`, `create_time`, `update_time`) VALUES (57, 35, 0, 2, '部门编辑', NULL, '', 3, '', '', b'0', b'0', b'0', 'dept:edit', NULL, NULL, '2019-10-29 12:57:27', NULL);
INSERT INTO `sys_menu` (`menu_id`, `pid`, `sub_count`, `type`, `title`, `name`, `component`, `menu_sort`, `icon`, `path`, `i_frame`, `cache`, `hidden`, `permission`, `create_by`, `update_by`, `create_time`, `update_time`) VALUES (58, 35, 0, 2, '部门删除', NULL, '', 4, '', '', b'0', b'0', b'0', 'dept:del', NULL, NULL, '2019-10-29 12:57:41', NULL);
INSERT INTO `sys_menu` (`menu_id`, `pid`, `sub_count`, `type`, `title`, `name`, `component`, `menu_sort`, `icon`, `path`, `i_frame`, `cache`, `hidden`, `permission`, `create_by`, `update_by`, `create_time`, `update_time`) VALUES (60, 37, 0, 2, '岗位新增', NULL, '', 2, '', '', b'0', b'0', b'0', 'job:add', NULL, NULL, '2019-10-29 12:58:27', NULL);
INSERT INTO `sys_menu` (`menu_id`, `pid`, `sub_count`, `type`, `title`, `name`, `component`, `menu_sort`, `icon`, `path`, `i_frame`, `cache`, `hidden`, `permission`, `create_by`, `update_by`, `create_time`, `update_time`) VALUES (61, 37, 0, 2, '岗位编辑', NULL, '', 3, '', '', b'0', b'0', b'0', 'job:edit', NULL, NULL, '2019-10-29 12:58:45', NULL);
INSERT INTO `sys_menu` (`menu_id`, `pid`, `sub_count`, `type`, `title`, `name`, `component`, `menu_sort`, `icon`, `path`, `i_frame`, `cache`, `hidden`, `permission`, `create_by`, `update_by`, `create_time`, `update_time`) VALUES (62, 37, 0, 2, '岗位删除', NULL, '', 4, '', '', b'0', b'0', b'0', 'job:del', NULL, NULL, '2019-10-29 12:59:04', NULL);
INSERT INTO `sys_menu` (`menu_id`, `pid`, `sub_count`, `type`, `title`, `name`, `component`, `menu_sort`, `icon`, `path`, `i_frame`, `cache`, `hidden`, `permission`, `create_by`, `update_by`, `create_time`, `update_time`) VALUES (64, 39, 0, 2, '字典新增', NULL, '', 2, '', '', b'0', b'0', b'0', 'dict:add', NULL, NULL, '2019-10-29 13:00:17', NULL);
INSERT INTO `sys_menu` (`menu_id`, `pid`, `sub_count`, `type`, `title`, `name`, `component`, `menu_sort`, `icon`, `path`, `i_frame`, `cache`, `hidden`, `permission`, `create_by`, `update_by`, `create_time`, `update_time`) VALUES (65, 39, 0, 2, '字典编辑', NULL, '', 3, '', '', b'0', b'0', b'0', 'dict:edit', NULL, NULL, '2019-10-29 13:00:42', NULL);
INSERT INTO `sys_menu` (`menu_id`, `pid`, `sub_count`, `type`, `title`, `name`, `component`, `menu_sort`, `icon`, `path`, `i_frame`, `cache`, `hidden`, `permission`, `create_by`, `update_by`, `create_time`, `update_time`) VALUES (66, 39, 0, 2, '字典删除', NULL, '', 4, '', '', b'0', b'0', b'0', 'dict:del', NULL, NULL, '2019-10-29 13:00:59', NULL);
INSERT INTO `sys_menu` (`menu_id`, `pid`, `sub_count`, `type`, `title`, `name`, `component`, `menu_sort`, `icon`, `path`, `i_frame`, `cache`, `hidden`, `permission`, `create_by`, `update_by`, `create_time`, `update_time`) VALUES (73, 28, 0, 2, '任务新增', NULL, '', 2, '', '', b'0', b'0', b'0', 'timing:add', NULL, NULL, '2019-10-29 13:07:28', NULL);
INSERT INTO `sys_menu` (`menu_id`, `pid`, `sub_count`, `type`, `title`, `name`, `component`, `menu_sort`, `icon`, `path`, `i_frame`, `cache`, `hidden`, `permission`, `create_by`, `update_by`, `create_time`, `update_time`) VALUES (74, 28, 0, 2, '任务编辑', NULL, '', 3, '', '', b'0', b'0', b'0', 'timing:edit', NULL, NULL, '2019-10-29 13:07:41', NULL);
INSERT INTO `sys_menu` (`menu_id`, `pid`, `sub_count`, `type`, `title`, `name`, `component`, `menu_sort`, `icon`, `path`, `i_frame`, `cache`, `hidden`, `permission`, `create_by`, `update_by`, `create_time`, `update_time`) VALUES (75, 28, 0, 2, '任务删除', NULL, '', 4, '', '', b'0', b'0', b'0', 'timing:del', NULL, NULL, '2019-10-29 13:07:54', NULL);
INSERT INTO `sys_menu` (`menu_id`, `pid`, `sub_count`, `type`, `title`, `name`, `component`, `menu_sort`, `icon`, `path`, `i_frame`, `cache`, `hidden`, `permission`, `create_by`, `update_by`, `create_time`, `update_time`) VALUES (77, 18, 0, 2, '上传文件', NULL, '', 2, '', '', b'0', b'0', b'0', 'storage:add', NULL, NULL, '2019-10-29 13:09:09', NULL);
INSERT INTO `sys_menu` (`menu_id`, `pid`, `sub_count`, `type`, `title`, `name`, `component`, `menu_sort`, `icon`, `path`, `i_frame`, `cache`, `hidden`, `permission`, `create_by`, `update_by`, `create_time`, `update_time`) VALUES (78, 18, 0, 2, '文件编辑', NULL, '', 3, '', '', b'0', b'0', b'0', 'storage:edit', NULL, NULL, '2019-10-29 13:09:22', NULL);
INSERT INTO `sys_menu` (`menu_id`, `pid`, `sub_count`, `type`, `title`, `name`, `component`, `menu_sort`, `icon`, `path`, `i_frame`, `cache`, `hidden`, `permission`, `create_by`, `update_by`, `create_time`, `update_time`) VALUES (79, 18, 0, 2, '文件删除', NULL, '', 4, '', '', b'0', b'0', b'0', 'storage:del', NULL, NULL, '2019-10-29 13:09:34', NULL);
INSERT INTO `sys_menu` (`menu_id`, `pid`, `sub_count`, `type`, `title`, `name`, `component`, `menu_sort`, `icon`, `path`, `i_frame`, `cache`, `hidden`, `permission`, `create_by`, `update_by`, `create_time`, `update_time`) VALUES (80, 6, 0, 1, '服务监控', 'ServerMonitor', 'monitor/server/index', 14, 'codeConsole', 'server', b'0', b'0', b'0', 'monitor:list', NULL, 'admin', '2019-11-07 13:06:39', '2020-05-04 18:20:50');
INSERT INTO `sys_menu` (`menu_id`, `pid`, `sub_count`, `type`, `title`, `name`, `component`, `menu_sort`, `icon`, `path`, `i_frame`, `cache`, `hidden`, `permission`, `create_by`, `update_by`, `create_time`, `update_time`) VALUES (82, 36, 0, 1, '生成配置', 'GeneratorConfig', 'generator/config', 33, 'dev', 'generator/config/:tableName', b'0', b'1', b'1', '', NULL, NULL, '2019-11-17 20:08:56', NULL);
INSERT INTO `sys_menu` (`menu_id`, `pid`, `sub_count`, `type`, `title`, `name`, `component`, `menu_sort`, `icon`, `path`, `i_frame`, `cache`, `hidden`, `permission`, `create_by`, `update_by`, `create_time`, `update_time`) VALUES (83, 10, 0, 1, '图表库', 'Echarts', 'components/Echarts', 50, 'chart', 'echarts', b'0', b'1', b'0', '', NULL, NULL, '2019-11-21 09:04:32', NULL);
INSERT INTO `sys_menu` (`menu_id`, `pid`, `sub_count`, `type`, `title`, `name`, `component`, `menu_sort`, `icon`, `path`, `i_frame`, `cache`, `hidden`, `permission`, `create_by`, `update_by`, `create_time`, `update_time`) VALUES (90, NULL, 5, 1, '运维管理', 'Mnt', '', 20, 'mnt', 'mnt', b'0', b'0', b'0', NULL, NULL, NULL, '2019-11-09 10:31:08', NULL);
INSERT INTO `sys_menu` (`menu_id`, `pid`, `sub_count`, `type`, `title`, `name`, `component`, `menu_sort`, `icon`, `path`, `i_frame`, `cache`, `hidden`, `permission`, `create_by`, `update_by`, `create_time`, `update_time`) VALUES (92, 90, 3, 1, '服务器', 'ServerDeploy', 'mnt/server/index', 22, 'server', 'mnt/serverDeploy', b'0', b'0', b'0', 'serverDeploy:list', NULL, NULL, '2019-11-10 10:29:25', NULL);
INSERT INTO `sys_menu` (`menu_id`, `pid`, `sub_count`, `type`, `title`, `name`, `component`, `menu_sort`, `icon`, `path`, `i_frame`, `cache`, `hidden`, `permission`, `create_by`, `update_by`, `create_time`, `update_time`) VALUES (93, 90, 3, 1, '应用管理', 'App', 'mnt/app/index', 23, 'app', 'mnt/app', b'0', b'0', b'0', 'app:list', NULL, NULL, '2019-11-10 11:05:16', NULL);
INSERT INTO `sys_menu` (`menu_id`, `pid`, `sub_count`, `type`, `title`, `name`, `component`, `menu_sort`, `icon`, `path`, `i_frame`, `cache`, `hidden`, `permission`, `create_by`, `update_by`, `create_time`, `update_time`) VALUES (94, 90, 3, 1, '部署管理', 'Deploy', 'mnt/deploy/index', 24, 'deploy', 'mnt/deploy', b'0', b'0', b'0', 'deploy:list', NULL, NULL, '2019-11-10 15:56:55', NULL);
INSERT INTO `sys_menu` (`menu_id`, `pid`, `sub_count`, `type`, `title`, `name`, `component`, `menu_sort`, `icon`, `path`, `i_frame`, `cache`, `hidden`, `permission`, `create_by`, `update_by`, `create_time`, `update_time`) VALUES (97, 90, 1, 1, '部署备份', 'DeployHistory', 'mnt/deployHistory/index', 25, 'backup', 'mnt/deployHistory', b'0', b'0', b'0', 'deployHistory:list', NULL, NULL, '2019-11-10 16:49:44', NULL);
INSERT INTO `sys_menu` (`menu_id`, `pid`, `sub_count`, `type`, `title`, `name`, `component`, `menu_sort`, `icon`, `path`, `i_frame`, `cache`, `hidden`, `permission`, `create_by`, `update_by`, `create_time`, `update_time`) VALUES (98, 90, 3, 1, '数据库管理', 'Database', 'mnt/database/index', 26, 'database', 'mnt/database', b'0', b'0', b'0', 'database:list', NULL, NULL, '2019-11-10 20:40:04', NULL);
INSERT INTO `sys_menu` (`menu_id`, `pid`, `sub_count`, `type`, `title`, `name`, `component`, `menu_sort`, `icon`, `path`, `i_frame`, `cache`, `hidden`, `permission`, `create_by`, `update_by`, `create_time`, `update_time`) VALUES (102, 97, 0, 2, '删除', NULL, '', 999, '', '', b'0', b'0', b'0', 'deployHistory:del', NULL, NULL, '2019-11-17 09:32:48', NULL);
INSERT INTO `sys_menu` (`menu_id`, `pid`, `sub_count`, `type`, `title`, `name`, `component`, `menu_sort`, `icon`, `path`, `i_frame`, `cache`, `hidden`, `permission`, `create_by`, `update_by`, `create_time`, `update_time`) VALUES (103, 92, 0, 2, '服务器新增', NULL, '', 999, '', '', b'0', b'0', b'0', 'serverDeploy:add', NULL, NULL, '2019-11-17 11:08:33', NULL);
INSERT INTO `sys_menu` (`menu_id`, `pid`, `sub_count`, `type`, `title`, `name`, `component`, `menu_sort`, `icon`, `path`, `i_frame`, `cache`, `hidden`, `permission`, `create_by`, `update_by`, `create_time`, `update_time`) VALUES (104, 92, 0, 2, '服务器编辑', NULL, '', 999, '', '', b'0', b'0', b'0', 'serverDeploy:edit', NULL, NULL, '2019-11-17 11:08:57', NULL);
INSERT INTO `sys_menu` (`menu_id`, `pid`, `sub_count`, `type`, `title`, `name`, `component`, `menu_sort`, `icon`, `path`, `i_frame`, `cache`, `hidden`, `permission`, `create_by`, `update_by`, `create_time`, `update_time`) VALUES (105, 92, 0, 2, '服务器删除', NULL, '', 999, '', '', b'0', b'0', b'0', 'serverDeploy:del', NULL, NULL, '2019-11-17 11:09:15', NULL);
INSERT INTO `sys_menu` (`menu_id`, `pid`, `sub_count`, `type`, `title`, `name`, `component`, `menu_sort`, `icon`, `path`, `i_frame`, `cache`, `hidden`, `permission`, `create_by`, `update_by`, `create_time`, `update_time`) VALUES (106, 93, 0, 2, '应用新增', NULL, '', 999, '', '', b'0', b'0', b'0', 'app:add', NULL, NULL, '2019-11-17 11:10:03', NULL);
INSERT INTO `sys_menu` (`menu_id`, `pid`, `sub_count`, `type`, `title`, `name`, `component`, `menu_sort`, `icon`, `path`, `i_frame`, `cache`, `hidden`, `permission`, `create_by`, `update_by`, `create_time`, `update_time`) VALUES (107, 93, 0, 2, '应用编辑', NULL, '', 999, '', '', b'0', b'0', b'0', 'app:edit', NULL, NULL, '2019-11-17 11:10:28', NULL);
INSERT INTO `sys_menu` (`menu_id`, `pid`, `sub_count`, `type`, `title`, `name`, `component`, `menu_sort`, `icon`, `path`, `i_frame`, `cache`, `hidden`, `permission`, `create_by`, `update_by`, `create_time`, `update_time`) VALUES (108, 93, 0, 2, '应用删除', NULL, '', 999, '', '', b'0', b'0', b'0', 'app:del', NULL, NULL, '2019-11-17 11:10:55', NULL);
INSERT INTO `sys_menu` (`menu_id`, `pid`, `sub_count`, `type`, `title`, `name`, `component`, `menu_sort`, `icon`, `path`, `i_frame`, `cache`, `hidden`, `permission`, `create_by`, `update_by`, `create_time`, `update_time`) VALUES (109, 94, 0, 2, '部署新增', NULL, '', 999, '', '', b'0', b'0', b'0', 'deploy:add', NULL, NULL, '2019-11-17 11:11:22', NULL);
INSERT INTO `sys_menu` (`menu_id`, `pid`, `sub_count`, `type`, `title`, `name`, `component`, `menu_sort`, `icon`, `path`, `i_frame`, `cache`, `hidden`, `permission`, `create_by`, `update_by`, `create_time`, `update_time`) VALUES (110, 94, 0, 2, '部署编辑', NULL, '', 999, '', '', b'0', b'0', b'0', 'deploy:edit', NULL, NULL, '2019-11-17 11:11:41', NULL);
INSERT INTO `sys_menu` (`menu_id`, `pid`, `sub_count`, `type`, `title`, `name`, `component`, `menu_sort`, `icon`, `path`, `i_frame`, `cache`, `hidden`, `permission`, `create_by`, `update_by`, `create_time`, `update_time`) VALUES (111, 94, 0, 2, '部署删除', NULL, '', 999, '', '', b'0', b'0', b'0', 'deploy:del', NULL, NULL, '2019-11-17 11:12:01', NULL);
INSERT INTO `sys_menu` (`menu_id`, `pid`, `sub_count`, `type`, `title`, `name`, `component`, `menu_sort`, `icon`, `path`, `i_frame`, `cache`, `hidden`, `permission`, `create_by`, `update_by`, `create_time`, `update_time`) VALUES (112, 98, 0, 2, '数据库新增', NULL, '', 999, '', '', b'0', b'0', b'0', 'database:add', NULL, NULL, '2019-11-17 11:12:43', NULL);
INSERT INTO `sys_menu` (`menu_id`, `pid`, `sub_count`, `type`, `title`, `name`, `component`, `menu_sort`, `icon`, `path`, `i_frame`, `cache`, `hidden`, `permission`, `create_by`, `update_by`, `create_time`, `update_time`) VALUES (113, 98, 0, 2, '数据库编辑', NULL, '', 999, '', '', b'0', b'0', b'0', 'database:edit', NULL, NULL, '2019-11-17 11:12:58', NULL);
INSERT INTO `sys_menu` (`menu_id`, `pid`, `sub_count`, `type`, `title`, `name`, `component`, `menu_sort`, `icon`, `path`, `i_frame`, `cache`, `hidden`, `permission`, `create_by`, `update_by`, `create_time`, `update_time`) VALUES (114, 98, 0, 2, '数据库删除', NULL, '', 999, '', '', b'0', b'0', b'0', 'database:del', NULL, NULL, '2019-11-17 11:13:14', NULL);
INSERT INTO `sys_menu` (`menu_id`, `pid`, `sub_count`, `type`, `title`, `name`, `component`, `menu_sort`, `icon`, `path`, `i_frame`, `cache`, `hidden`, `permission`, `create_by`, `update_by`, `create_time`, `update_time`) VALUES (116, 36, 0, 1, '生成预览', 'Preview', 'generator/preview', 999, 'java', 'generator/preview/:tableName', b'0', b'1', b'1', NULL, NULL, NULL, '2019-11-26 14:54:36', NULL);


INSERT INTO `sys_roles_menus` (`menu_id`, `role_id`) VALUES (1, 1);
INSERT INTO `sys_roles_menus` (`menu_id`, `role_id`) VALUES (2, 1);
INSERT INTO `sys_roles_menus` (`menu_id`, `role_id`) VALUES (3, 1);
INSERT INTO `sys_roles_menus` (`menu_id`, `role_id`) VALUES (5, 1);
INSERT INTO `sys_roles_menus` (`menu_id`, `role_id`) VALUES (6, 1);
INSERT INTO `sys_roles_menus` (`menu_id`, `role_id`) VALUES (7, 1);
INSERT INTO `sys_roles_menus` (`menu_id`, `role_id`) VALUES (9, 1);
INSERT INTO `sys_roles_menus` (`menu_id`, `role_id`) VALUES (10, 1);
INSERT INTO `sys_roles_menus` (`menu_id`, `role_id`) VALUES (11, 1);
INSERT INTO `sys_roles_menus` (`menu_id`, `role_id`) VALUES (14, 1);
INSERT INTO `sys_roles_menus` (`menu_id`, `role_id`) VALUES (15, 1);
INSERT INTO `sys_roles_menus` (`menu_id`, `role_id`) VALUES (18, 1);
INSERT INTO `sys_roles_menus` (`menu_id`, `role_id`) VALUES (19, 1);
INSERT INTO `sys_roles_menus` (`menu_id`, `role_id`) VALUES (21, 1);
INSERT INTO `sys_roles_menus` (`menu_id`, `role_id`) VALUES (22, 1);
INSERT INTO `sys_roles_menus` (`menu_id`, `role_id`) VALUES (23, 1);
INSERT INTO `sys_roles_menus` (`menu_id`, `role_id`) VALUES (24, 1);
INSERT INTO `sys_roles_menus` (`menu_id`, `role_id`) VALUES (27, 1);
INSERT INTO `sys_roles_menus` (`menu_id`, `role_id`) VALUES (28, 1);
INSERT INTO `sys_roles_menus` (`menu_id`, `role_id`) VALUES (30, 1);
INSERT INTO `sys_roles_menus` (`menu_id`, `role_id`) VALUES (32, 1);
INSERT INTO `sys_roles_menus` (`menu_id`, `role_id`) VALUES (33, 1);
INSERT INTO `sys_roles_menus` (`menu_id`, `role_id`) VALUES (34, 1);
INSERT INTO `sys_roles_menus` (`menu_id`, `role_id`) VALUES (35, 1);
INSERT INTO `sys_roles_menus` (`menu_id`, `role_id`) VALUES (36, 1);
INSERT INTO `sys_roles_menus` (`menu_id`, `role_id`) VALUES (37, 1);
INSERT INTO `sys_roles_menus` (`menu_id`, `role_id`) VALUES (38, 1);
INSERT INTO `sys_roles_menus` (`menu_id`, `role_id`) VALUES (39, 1);
INSERT INTO `sys_roles_menus` (`menu_id`, `role_id`) VALUES (41, 1);
INSERT INTO `sys_roles_menus` (`menu_id`, `role_id`) VALUES (44, 1);
INSERT INTO `sys_roles_menus` (`menu_id`, `role_id`) VALUES (45, 1);
INSERT INTO `sys_roles_menus` (`menu_id`, `role_id`) VALUES (46, 1);
INSERT INTO `sys_roles_menus` (`menu_id`, `role_id`) VALUES (48, 1);
INSERT INTO `sys_roles_menus` (`menu_id`, `role_id`) VALUES (49, 1);
INSERT INTO `sys_roles_menus` (`menu_id`, `role_id`) VALUES (50, 1);
INSERT INTO `sys_roles_menus` (`menu_id`, `role_id`) VALUES (52, 1);
INSERT INTO `sys_roles_menus` (`menu_id`, `role_id`) VALUES (53, 1);
INSERT INTO `sys_roles_menus` (`menu_id`, `role_id`) VALUES (54, 1);
INSERT INTO `sys_roles_menus` (`menu_id`, `role_id`) VALUES (56, 1);
INSERT INTO `sys_roles_menus` (`menu_id`, `role_id`) VALUES (57, 1);
INSERT INTO `sys_roles_menus` (`menu_id`, `role_id`) VALUES (58, 1);
INSERT INTO `sys_roles_menus` (`menu_id`, `role_id`) VALUES (60, 1);
INSERT INTO `sys_roles_menus` (`menu_id`, `role_id`) VALUES (61, 1);
INSERT INTO `sys_roles_menus` (`menu_id`, `role_id`) VALUES (62, 1);
INSERT INTO `sys_roles_menus` (`menu_id`, `role_id`) VALUES (64, 1);
INSERT INTO `sys_roles_menus` (`menu_id`, `role_id`) VALUES (65, 1);
INSERT INTO `sys_roles_menus` (`menu_id`, `role_id`) VALUES (66, 1);
INSERT INTO `sys_roles_menus` (`menu_id`, `role_id`) VALUES (73, 1);
INSERT INTO `sys_roles_menus` (`menu_id`, `role_id`) VALUES (74, 1);
INSERT INTO `sys_roles_menus` (`menu_id`, `role_id`) VALUES (75, 1);
INSERT INTO `sys_roles_menus` (`menu_id`, `role_id`) VALUES (77, 1);
INSERT INTO `sys_roles_menus` (`menu_id`, `role_id`) VALUES (78, 1);
INSERT INTO `sys_roles_menus` (`menu_id`, `role_id`) VALUES (79, 1);
INSERT INTO `sys_roles_menus` (`menu_id`, `role_id`) VALUES (80, 1);
INSERT INTO `sys_roles_menus` (`menu_id`, `role_id`) VALUES (82, 1);
INSERT INTO `sys_roles_menus` (`menu_id`, `role_id`) VALUES (83, 1);
INSERT INTO `sys_roles_menus` (`menu_id`, `role_id`) VALUES (90, 1);
INSERT INTO `sys_roles_menus` (`menu_id`, `role_id`) VALUES (92, 1);
INSERT INTO `sys_roles_menus` (`menu_id`, `role_id`) VALUES (93, 1);
INSERT INTO `sys_roles_menus` (`menu_id`, `role_id`) VALUES (94, 1);
INSERT INTO `sys_roles_menus` (`menu_id`, `role_id`) VALUES (97, 1);
INSERT INTO `sys_roles_menus` (`menu_id`, `role_id`) VALUES (98, 1);
INSERT INTO `sys_roles_menus` (`menu_id`, `role_id`) VALUES (102, 1);
INSERT INTO `sys_roles_menus` (`menu_id`, `role_id`) VALUES (103, 1);
INSERT INTO `sys_roles_menus` (`menu_id`, `role_id`) VALUES (104, 1);
INSERT INTO `sys_roles_menus` (`menu_id`, `role_id`) VALUES (105, 1);
INSERT INTO `sys_roles_menus` (`menu_id`, `role_id`) VALUES (106, 1);
INSERT INTO `sys_roles_menus` (`menu_id`, `role_id`) VALUES (107, 1);
INSERT INTO `sys_roles_menus` (`menu_id`, `role_id`) VALUES (108, 1);
INSERT INTO `sys_roles_menus` (`menu_id`, `role_id`) VALUES (109, 1);
INSERT INTO `sys_roles_menus` (`menu_id`, `role_id`) VALUES (110, 1);
INSERT INTO `sys_roles_menus` (`menu_id`, `role_id`) VALUES (111, 1);
INSERT INTO `sys_roles_menus` (`menu_id`, `role_id`) VALUES (112, 1);
INSERT INTO `sys_roles_menus` (`menu_id`, `role_id`) VALUES (113, 1);
INSERT INTO `sys_roles_menus` (`menu_id`, `role_id`) VALUES (114, 1);
INSERT INTO `sys_roles_menus` (`menu_id`, `role_id`) VALUES (116, 1);
INSERT INTO `sys_roles_menus` (`menu_id`, `role_id`) VALUES (120, 1);
INSERT INTO `sys_roles_menus` (`menu_id`, `role_id`) VALUES (1, 2);
INSERT INTO `sys_roles_menus` (`menu_id`, `role_id`) VALUES (2, 2);
INSERT INTO `sys_roles_menus` (`menu_id`, `role_id`) VALUES (3, 2);
INSERT INTO `sys_roles_menus` (`menu_id`, `role_id`) VALUES (5, 2);
INSERT INTO `sys_roles_menus` (`menu_id`, `role_id`) VALUES (6, 2);
INSERT INTO `sys_roles_menus` (`menu_id`, `role_id`) VALUES (7, 2);
INSERT INTO `sys_roles_menus` (`menu_id`, `role_id`) VALUES (9, 2);
INSERT INTO `sys_roles_menus` (`menu_id`, `role_id`) VALUES (10, 2);
INSERT INTO `sys_roles_menus` (`menu_id`, `role_id`) VALUES (11, 2);
INSERT INTO `sys_roles_menus` (`menu_id`, `role_id`) VALUES (15, 2);
INSERT INTO `sys_roles_menus` (`menu_id`, `role_id`) VALUES (21, 2);
INSERT INTO `sys_roles_menus` (`menu_id`, `role_id`) VALUES (22, 2);
INSERT INTO `sys_roles_menus` (`menu_id`, `role_id`) VALUES (23, 2);
INSERT INTO `sys_roles_menus` (`menu_id`, `role_id`) VALUES (24, 2);
INSERT INTO `sys_roles_menus` (`menu_id`, `role_id`) VALUES (27, 2);
INSERT INTO `sys_roles_menus` (`menu_id`, `role_id`) VALUES (28, 2);
INSERT INTO `sys_roles_menus` (`menu_id`, `role_id`) VALUES (32, 2);
INSERT INTO `sys_roles_menus` (`menu_id`, `role_id`) VALUES (33, 2);
INSERT INTO `sys_roles_menus` (`menu_id`, `role_id`) VALUES (34, 2);
INSERT INTO `sys_roles_menus` (`menu_id`, `role_id`) VALUES (35, 2);
INSERT INTO `sys_roles_menus` (`menu_id`, `role_id`) VALUES (37, 2);
INSERT INTO `sys_roles_menus` (`menu_id`, `role_id`) VALUES (39, 2);
INSERT INTO `sys_roles_menus` (`menu_id`, `role_id`) VALUES (48, 2);
INSERT INTO `sys_roles_menus` (`menu_id`, `role_id`) VALUES (49, 2);
INSERT INTO `sys_roles_menus` (`menu_id`, `role_id`) VALUES (50, 2);
INSERT INTO `sys_roles_menus` (`menu_id`, `role_id`) VALUES (52, 2);
INSERT INTO `sys_roles_menus` (`menu_id`, `role_id`) VALUES (53, 2);
INSERT INTO `sys_roles_menus` (`menu_id`, `role_id`) VALUES (54, 2);
INSERT INTO `sys_roles_menus` (`menu_id`, `role_id`) VALUES (56, 2);
INSERT INTO `sys_roles_menus` (`menu_id`, `role_id`) VALUES (57, 2);
INSERT INTO `sys_roles_menus` (`menu_id`, `role_id`) VALUES (58, 2);
INSERT INTO `sys_roles_menus` (`menu_id`, `role_id`) VALUES (60, 2);
INSERT INTO `sys_roles_menus` (`menu_id`, `role_id`) VALUES (61, 2);
INSERT INTO `sys_roles_menus` (`menu_id`, `role_id`) VALUES (62, 2);
INSERT INTO `sys_roles_menus` (`menu_id`, `role_id`) VALUES (64, 2);
INSERT INTO `sys_roles_menus` (`menu_id`, `role_id`) VALUES (65, 2);
INSERT INTO `sys_roles_menus` (`menu_id`, `role_id`) VALUES (66, 2);
INSERT INTO `sys_roles_menus` (`menu_id`, `role_id`) VALUES (73, 2);
INSERT INTO `sys_roles_menus` (`menu_id`, `role_id`) VALUES (74, 2);
INSERT INTO `sys_roles_menus` (`menu_id`, `role_id`) VALUES (75, 2);
INSERT INTO `sys_roles_menus` (`menu_id`, `role_id`) VALUES (80, 2);
INSERT INTO `sys_roles_menus` (`menu_id`, `role_id`) VALUES (83, 2);
INSERT INTO `sys_roles_menus` (`menu_id`, `role_id`) VALUES (1, 3);
INSERT INTO `sys_roles_menus` (`menu_id`, `role_id`) VALUES (2, 3);
INSERT INTO `sys_roles_menus` (`menu_id`, `role_id`) VALUES (3, 3);
INSERT INTO `sys_roles_menus` (`menu_id`, `role_id`) VALUES (5, 3);
INSERT INTO `sys_roles_menus` (`menu_id`, `role_id`) VALUES (28, 3);
INSERT INTO `sys_roles_menus` (`menu_id`, `role_id`) VALUES (35, 3);
INSERT INTO `sys_roles_menus` (`menu_id`, `role_id`) VALUES (37, 3);
INSERT INTO `sys_roles_menus` (`menu_id`, `role_id`) VALUES (39, 3);
INSERT INTO `sys_roles_menus` (`menu_id`, `role_id`) VALUES (44, 3);
INSERT INTO `sys_roles_menus` (`menu_id`, `role_id`) VALUES (45, 3);
INSERT INTO `sys_roles_menus` (`menu_id`, `role_id`) VALUES (46, 3);
INSERT INTO `sys_roles_menus` (`menu_id`, `role_id`) VALUES (48, 3);
INSERT INTO `sys_roles_menus` (`menu_id`, `role_id`) VALUES (49, 3);
INSERT INTO `sys_roles_menus` (`menu_id`, `role_id`) VALUES (50, 3);
INSERT INTO `sys_roles_menus` (`menu_id`, `role_id`) VALUES (52, 3);
INSERT INTO `sys_roles_menus` (`menu_id`, `role_id`) VALUES (53, 3);
INSERT INTO `sys_roles_menus` (`menu_id`, `role_id`) VALUES (54, 3);
INSERT INTO `sys_roles_menus` (`menu_id`, `role_id`) VALUES (56, 3);
INSERT INTO `sys_roles_menus` (`menu_id`, `role_id`) VALUES (57, 3);
INSERT INTO `sys_roles_menus` (`menu_id`, `role_id`) VALUES (58, 3);
INSERT INTO `sys_roles_menus` (`menu_id`, `role_id`) VALUES (60, 3);
INSERT INTO `sys_roles_menus` (`menu_id`, `role_id`) VALUES (61, 3);
INSERT INTO `sys_roles_menus` (`menu_id`, `role_id`) VALUES (62, 3);
INSERT INTO `sys_roles_menus` (`menu_id`, `role_id`) VALUES (64, 3);
INSERT INTO `sys_roles_menus` (`menu_id`, `role_id`) VALUES (65, 3);
INSERT INTO `sys_roles_menus` (`menu_id`, `role_id`) VALUES (66, 3);
INSERT INTO `sys_roles_menus` (`menu_id`, `role_id`) VALUES (73, 3);
INSERT INTO `sys_roles_menus` (`menu_id`, `role_id`) VALUES (74, 3);
INSERT INTO `sys_roles_menus` (`menu_id`, `role_id`) VALUES (75, 3);


-- 查出角色信息
select sys_role.role_id,sys_role.`name` from sys_user join sys_users_roles on sys_user.user_id=sys_users_roles.user_id
                                                      join sys_role on sys_users_roles.role_id=sys_role.role_id
where sys_user.user_id=1;


select * from  sys_role join sys_roles_menus on sys_role.role_id=sys_roles_menus.role_id
                        join sys_menu on sys_menu.menu_id=sys_roles_menus.menu_id  where sys_roles_menus.role_id in(1)


